Id,ActivityDate,TotalSteps,TotalDistance,TrackerDistance,LoggedActivitiesDistance,VeryActiveDistance,ModeratelyActiveDistance,LightActiveDistance,SedentaryActiveDistance,VeryActiveMinutes,FairlyActiveMinutes,LightlyActiveMinutes,SedentaryMinutes,Calories
1503960366,25/03/2016,11004.00,7.11,7.11,0,2.57,0.46,4.07,0.00,33,12,205,804,1819.00
1503960366,26/03/2016,17609.00,11.55,11.55,0,6.92,0.73,3.91,0.00,89,17,274,588,2154.00
1503960366,27/03/2016,12736.00,8.53,8.53,0,4.66,0.16,3.71,0.00,56,5,268,605,1944.00
1503960366,28/03/2016,13231.00,8.93,8.93,0,3.19,0.79,4.95,0.00,39,20,224,1080,1932.00
1503960366,29/03/2016,12041.00,7.85,7.85,0,2.16,1.09,4.61,0.00,28,28,243,763,1886.00
1503960366,30/03/2016,10970.00,7.16,7.16,0,2.36,0.51,4.29,0.00,30,13,223,1174,1820.00
1503960366,31/03/2016,12256.00,7.86,7.86,0,2.29,0.49,5.04,0.00,33,12,239,820,1889.00
1503960366,01/04/2016,12262.00,7.87,7.87,0,3.32,0.83,3.64,0.00,47,21,200,866,1868.00
1503960366,02/04/2016,11248.00,7.25,7.25,0,3.00,0.45,3.74,0.00,40,11,244,636,1843.00
1503960366,03/04/2016,10016.00,6.37,6.37,0,0.91,1.28,4.18,0.00,15,30,314,655,1850.00
1503960366,04/04/2016,14557.00,9.80,9.80,0,3.39,0.70,5.69,0.00,43,18,285,757,2030.00
1503960366,05/04/2016,14844.00,9.73,9.73,0,2.94,0.76,6.04,0.00,36,18,341,736,2083.00
1503960366,06/04/2016,11974.00,7.67,7.67,0,2.04,0.48,5.15,0.00,27,12,228,1173,1861.00
1503960366,07/04/2016,10198.00,6.44,6.44,0,1.20,0.79,4.45,0.00,17,20,195,1208,1755.00
1503960366,08/04/2016,12521.00,7.94,7.94,0,3.31,0.90,3.74,0.00,46,22,212,1160,1895.00
1503960366,09/04/2016,12432.00,8.10,8.10,0,2.59,0.59,4.92,0.00,32,15,248,738,1883.00
1503960366,10/04/2016,10057.00,6.98,6.98,0,4.00,0.49,2.48,0.00,44,13,168,737,1755.00
1503960366,11/04/2016,10990.00,7.26,7.26,0,2.04,0.57,4.65,0.00,26,14,216,855,1811.00
1503960366,12/04/2016,224.00,0.14,0.14,0,0.00,0.00,0.13,0.00,0,0,9,32,50.00
1624580081,25/03/2016,1810.00,1.18,1.18,0,0.00,0.00,1.13,0.01,0,0,121,1319,1373.00
1624580081,26/03/2016,815.00,0.53,0.53,0,0.00,0.00,0.53,0.00,0,0,47,1393,1264.00
1624580081,27/03/2016,1985.00,1.29,1.29,0,0.00,0.00,1.28,0.01,0,0,112,1328,1350.00
1624580081,28/03/2016,1905.00,1.24,1.24,0,0.00,0.00,1.24,0.00,0,0,95,1345,1342.00
1624580081,29/03/2016,1552.00,1.01,1.01,0,0.00,0.00,1.00,0.00,0,0,66,1374,1300.00
1624580081,30/03/2016,1675.00,1.09,1.09,0,0.00,0.00,1.09,0.00,0,0,84,1356,1313.00
1624580081,31/03/2016,4506.00,2.93,2.93,0,0.51,0.27,2.15,0.01,7,4,144,1285,1498.00
1624580081,01/04/2016,9218.00,5.99,5.99,0,0.00,0.00,5.97,0.01,0,0,221,1219,1541.00
1624580081,02/04/2016,1556.00,1.01,1.01,0,0.00,0.00,1.01,0.01,0,0,88,1352,1327.00
1624580081,03/04/2016,2910.00,1.89,1.89,0,0.00,0.00,1.88,0.01,0,0,157,1283,1452.00
1624580081,04/04/2016,18464.00,12.00,12.00,0,0.00,0.00,12.00,0.00,0,0,270,1170,1574.00
1624580081,05/04/2016,1335.00,0.87,0.87,0,0.00,0.00,0.87,0.00,0,0,74,1366,1308.00
1624580081,06/04/2016,1004.00,0.65,0.65,0,0.00,0.00,0.65,0.00,0,0,55,1385,1276.00
1624580081,07/04/2016,1111.00,0.72,0.72,0,0.00,0.00,0.72,0.00,0,0,54,1386,1278.00
1624580081,08/04/2016,6344.00,4.12,4.12,0,0.00,0.00,4.10,0.00,0,0,143,1297,1409.00
1624580081,09/04/2016,3572.00,2.32,2.32,0,0.00,0.00,2.29,0.03,0,0,122,1318,1370.00
1624580081,10/04/2016,3910.00,2.54,2.54,0,0.47,0.25,1.81,0.01,7,7,186,1240,1555.00
1624580081,11/04/2016,10000.00,6.50,6.50,0,0.00,0.00,6.50,0.00,0,0,172,1268,1469.00
1624580081,12/04/2016,6627.00,4.31,4.31,0,0.00,0.00,4.31,0.00,0,0,89,604,706.00
1644430081,01/04/2016,4636.00,3.41,3.41,0,0.00,0.78,2.60,0.03,0,16,586,838,3323.00
1644430081,02/04/2016,20237.00,14.71,14.71,0,2.57,6.40,5.73,0.01,34,141,347,918,4029.00
1644430081,03/04/2016,12912.00,9.41,9.41,0,4.83,0.77,3.79,0.03,59,16,283,1082,3436.00
1644430081,04/04/2016,2819.00,2.05,2.05,0,0.31,0.17,1.56,0.01,4,4,87,1345,2444.00
1644430081,05/04/2016,9921.00,7.21,7.21,0,0.34,1.52,5.36,0.00,5,35,219,1181,3098.00
1644430081,06/04/2016,8046.00,5.85,5.85,0,1.29,2.12,2.45,0.00,18,41,137,1244,2925.00
1644430081,07/04/2016,11166.00,8.12,8.12,0,0.21,2.41,5.50,0.00,3,58,230,1149,3202.00
1644430081,08/04/2016,7842.00,5.70,5.70,0,0.48,2.41,2.81,0.00,7,43,161,1229,2928.00
1644430081,09/04/2016,13840.00,10.06,10.06,0,1.31,3.72,5.03,0.00,18,81,192,1149,3290.00
1644430081,10/04/2016,1329.00,0.97,0.97,0,0.00,0.00,0.97,0.00,0,0,35,207,489.00
1844505072,01/04/2016,6847.00,4.53,4.53,0,0.61,0.37,3.55,0.00,9,9,251,1171,1969.00
1844505072,02/04/2016,5367.00,3.55,3.55,0,0.00,0.00,3.55,0.00,0,0,263,1177,1889.00
1844505072,03/04/2016,2841.00,1.88,1.88,0,0.00,0.00,1.88,0.00,0,0,136,1114,1636.00
1844505072,04/04/2016,0.00,0.00,0.00,0,0.00,0.00,0.00,0.00,0,0,0,669,1347.00
1844505072,05/04/2016,0.00,0.00,0.00,0,0.00,0.00,0.00,0.00,0,0,0,1440,1347.00
1844505072,06/04/2016,7.00,0.00,0.00,0,0.00,0.00,0.00,0.00,0,0,1,1439,1349.00
1844505072,07/04/2016,6344.00,4.19,4.19,0,0.00,0.00,4.19,0.00,0,0,290,1150,1965.00
1844505072,08/04/2016,5316.00,3.51,3.51,0,0.00,0.00,3.51,0.00,0,0,221,1219,1824.00
1844505072,09/04/2016,4979.00,3.29,3.29,0,0.00,0.00,3.29,0.00,0,0,184,620,1807.00
1844505072,10/04/2016,6556.00,4.34,4.34,0,0.00,0.00,4.33,0.00,0,0,305,810,1971.00
1844505072,11/04/2016,5430.00,3.59,3.59,0,0.00,0.00,3.59,0.00,0,0,251,1189,1888.00
1844505072,12/04/2016,0.00,0.00,0.00,0,0.00,0.00,0.00,0.00,0,0,0,426,399.00
1927972279,01/04/2016,4317.00,2.99,2.99,0,0.00,0.37,2.62,0.00,0,11,192,854,2590.00
1927972279,02/04/2016,5662.00,3.92,3.92,0,0.00,0.00,3.92,0.00,0,0,267,858,2783.00
1927972279,03/04/2016,3198.00,2.21,2.21,0,0.00,0.00,2.21,0.00,0,0,146,1183,2449.00
1927972279,04/04/2016,2352.00,1.63,1.63,0,0.00,0.00,1.63,0.00,0,0,128,829,2380.00
1927972279,05/04/2016,2234.00,1.55,1.55,0,0.00,0.00,1.55,0.00,0,0,108,912,2344.00
1927972279,06/04/2016,1259.00,0.87,0.87,0,0.00,0.00,0.87,0.00,0,0,73,938,2202.00
1927972279,07/04/2016,768.00,0.53,0.53,0,0.00,0.00,0.53,0.00,0,0,43,1397,2130.00
1927972279,08/04/2016,519.00,0.36,0.36,0,0.00,0.00,0.36,0.00,0,0,34,1406,2088.00
1927972279,09/04/2016,2523.00,1.75,1.75,0,0.00,0.37,1.38,0.00,0,9,134,1250,2443.00
1927972279,10/04/2016,2105.00,1.46,1.46,0,0.00,0.00,1.46,0.00,0,0,139,805,2442.00
1927972279,11/04/2016,1209.00,0.84,0.84,0,0.00,0.00,0.84,0.00,0,0,73,842,2255.00
1927972279,12/04/2016,24.00,0.02,0.02,0,0.00,0.00,0.02,0.00,0,0,3,161,942.00
2022484408,01/04/2016,13603.00,9.60,9.60,0,5.46,0.63,3.51,0.00,72,16,213,1139,2645.00
2022484408,02/04/2016,5477.00,3.84,3.84,0,0.00,0.00,3.84,0.00,0,0,237,1203,2040.00
2022484408,03/04/2016,11144.00,7.82,7.82,0,1.79,0.89,5.14,0.00,25,22,279,1114,2395.00
2022484408,04/04/2016,15313.00,11.00,11.00,0,5.02,1.29,4.69,0.00,62,19,233,1126,2581.00
2022484408,05/04/2016,10805.00,7.59,7.59,0,0.72,0.98,5.89,0.00,36,37,298,1069,2735.00
2022484408,06/04/2016,15392.00,10.93,10.93,0,3.43,1.75,5.75,0.00,47,42,258,1093,2733.00
2022484408,07/04/2016,18247.00,13.83,13.83,0,7.11,2.21,4.51,0.00,72,62,252,1054,3021.00
2022484408,08/04/2016,13023.00,9.26,9.26,0,3.23,0.56,5.47,0.00,40,12,296,1092,2577.00
2022484408,09/04/2016,16267.00,12.59,12.59,0,5.75,0.47,6.37,0.00,44,16,302,1078,2811.00
2022484408,10/04/2016,10005.00,7.02,7.02,0,0.08,1.05,5.90,0.00,1,23,339,1077,2458.00
2022484408,11/04/2016,10106.00,7.09,7.09,0,1.21,0.56,5.33,0.00,41,16,272,1111,2568.00
2022484408,12/04/2016,6717.00,4.72,4.72,0,3.23,0.22,1.27,0.00,41,5,67,551,1140.00
2026352035,01/04/2016,2605.00,1.62,1.62,0,0.00,0.00,1.62,0.00,0,0,166,729,1407.00
2026352035,02/04/2016,1229.00,0.76,0.76,0,0.00,0.00,0.76,0.00,0,0,69,795,1237.00
2026352035,03/04/2016,2308.00,1.43,1.43,0,0.00,0.00,1.43,0.00,0,0,115,720,1330.00
2026352035,04/04/2016,6679.00,4.14,4.14,0,0.00,0.00,4.14,0.00,0,0,263,644,1583.00
2026352035,05/04/2016,5645.00,3.50,3.50,0,0.00,0.00,3.50,0.00,0,0,248,621,1538.00
2026352035,06/04/2016,3180.00,1.97,1.97,0,0.00,0.00,1.97,0.00,0,0,185,738,1421.00
2026352035,07/04/2016,2767.00,1.72,1.72,0,0.00,0.00,1.72,0.00,0,0,170,673,1392.00
2026352035,08/04/2016,3762.00,2.33,2.33,0,0.00,0.00,2.33,0.00,0,0,173,719,1425.00
2026352035,09/04/2016,3098.00,1.92,1.92,0,0.00,0.00,1.92,0.00,0,0,185,700,1413.00
2026352035,10/04/2016,5142.00,3.19,3.19,0,0.00,0.00,3.19,0.00,0,0,230,654,1515.00
2026352035,11/04/2016,3279.00,2.03,2.03,0,0.00,0.00,2.03,0.00,0,0,164,694,1405.00
2026352035,12/04/2016,1019.00,0.63,0.63,0,0.00,0.00,0.63,0.00,0,0,64,223,600.00
2320127002,01/04/2016,0.00,0.00,0.00,0,0.00,0.00,0.00,0.00,0,0,0,1440,1324.00
2320127002,02/04/2016,0.00,0.00,0.00,0,0.00,0.00,0.00,0.00,0,0,0,1440,1324.00
2320127002,03/04/2016,0.00,0.00,0.00,0,0.00,0.00,0.00,0.00,0,0,0,1440,1324.00
2320127002,04/04/2016,0.00,0.00,0.00,0,0.00,0.00,0.00,0.00,0,0,0,1440,1324.00
2320127002,05/04/2016,4931.00,3.32,3.32,0,0.00,0.00,3.32,0.00,0,0,175,1265,1708.00
2320127002,06/04/2016,6999.00,4.72,4.72,0,0.00,0.00,4.72,0.00,0,0,320,1120,1950.00
2320127002,07/04/2016,1846.00,1.24,1.24,0,0.00,0.00,1.24,0.00,0,0,93,1347,1508.00
2320127002,08/04/2016,3417.00,2.30,2.30,0,0.00,0.00,2.30,0.00,0,0,153,1287,1625.00
2320127002,09/04/2016,4863.00,3.28,3.28,0,0.06,0.42,2.80,0.00,1,11,208,1220,1772.00
2320127002,10/04/2016,2277.00,1.53,1.53,0,0.00,0.00,1.53,0.00,0,0,103,1337,1530.00
2320127002,11/04/2016,11230.00,7.67,7.67,0,0.89,0.12,6.66,0.00,10,2,390,1038,2206.00
2320127002,12/04/2016,2098.00,1.41,1.41,0,0.00,0.00,1.41,0.00,0,0,69,617,790.00
2347167796,29/03/2016,10272.00,6.79,6.79,0,0.16,3.12,3.50,0.00,2,58,208,700,2041.00
2347167796,30/03/2016,10533.00,7.10,7.10,0,1.77,2.06,3.27,0.00,21,35,255,615,2187.00
2347167796,31/03/2016,6760.00,4.47,4.47,0,0.00,0.00,4.47,0.00,0,0,250,613,1929.00
2347167796,01/04/2016,8328.00,5.51,5.51,0,0.00,2.00,3.50,0.00,0,33,212,804,1935.00
2347167796,02/04/2016,15459.00,10.22,10.22,0,3.59,0.81,5.82,0.00,51,16,327,583,2438.00
2347167796,03/04/2016,7485.00,4.95,4.95,0,0.00,0.00,4.95,0.00,0,0,324,491,2035.00
2347167796,04/04/2016,10254.00,6.80,6.80,0,1.42,1.23,4.16,0.00,21,25,231,638,2099.00
2347167796,05/04/2016,10114.00,6.82,6.82,0,1.64,0.48,4.68,0.00,18,9,269,696,2096.00
2347167796,06/04/2016,11107.00,7.34,7.34,0,0.90,2.76,3.68,0.00,14,46,196,759,2058.00
2347167796,07/04/2016,10320.00,6.85,6.85,0,0.68,1.23,4.94,0.00,15,32,315,1002,2338.00
2347167796,08/04/2016,10209.00,6.75,6.75,0,0.16,0.35,6.23,0.00,2,6,316,711,2104.00
2347167796,09/04/2016,16081.00,10.63,10.63,0,1.25,1.82,7.56,0.00,16,32,401,970,2488.00
2347167796,10/04/2016,10078.00,6.83,6.83,0,1.02,0.12,5.69,0.00,12,3,303,463,2164.00
2347167796,11/04/2016,10001.00,6.61,6.61,0,0.33,2.93,3.36,0.00,5,52,196,788,2009.00
2347167796,12/04/2016,0.00,0.00,0.00,0,0.00,0.00,0.00,0.00,0,0,0,425,399.00
2873212765,01/04/2016,890.00,0.60,0.60,0,0.00,0.00,0.60,0.00,0,0,41,1399,1335.00
2873212765,02/04/2016,2214.00,1.49,1.49,0,0.00,0.00,1.49,0.00,0,0,197,1243,1559.00
2873212765,03/04/2016,7640.00,5.13,5.13,0,0.19,0.80,4.15,0.00,3,15,315,1107,1845.00
2873212765,04/04/2016,9713.00,6.53,6.53,0,0.34,0.89,5.29,0.00,6,24,355,1055,2046.00
2873212765,05/04/2016,8432.00,5.67,5.67,0,0.00,0.00,5.65,0.01,0,0,374,1066,1953.00
2873212765,06/04/2016,7350.00,4.94,4.94,0,0.00,0.00,4.94,0.00,0,0,382,1058,1910.00
2873212765,07/04/2016,9353.00,6.31,6.31,0,0.37,0.69,5.24,0.00,5,17,363,1055,2035.00
2873212765,08/04/2016,7157.00,4.81,4.81,0,0.00,0.00,4.81,0.00,0,0,380,1060,1944.00
2873212765,09/04/2016,14103.00,9.56,9.56,0,3.02,0.41,6.14,0.01,46,8,288,1098,2257.00
2873212765,10/04/2016,5290.00,3.55,3.55,0,0.04,0.34,3.17,0.00,1,8,251,1180,1724.00
2873212765,11/04/2016,7497.00,5.04,5.04,0,0.00,0.00,5.04,0.00,0,0,357,882,1741.00
2873212765,12/04/2016,0.00,0.00,0.00,0,0.00,0.00,0.00,0.00,0,0,0,1440,0.00
2891001357,29/03/2016,0.00,0.00,0.00,0,0.00,0.00,0.00,0.00,0,0,0,1440,1920.00
2891001357,30/03/2016,0.00,0.00,0.00,0,0.00,0.00,0.00,0.00,0,0,0,1440,1920.00
2891001357,31/03/2016,0.00,0.00,0.00,0,0.00,0.00,0.00,0.00,0,0,0,1440,1920.00
2891001357,01/04/2016,0.00,0.00,0.00,4.828032017,0.00,0.00,0.00,0.00,0,660,0,780,4562.00
2891001357,02/04/2016,4126.00,3.22,0.00,3.218688011,0.00,0.00,3.22,0.00,0,0,720,720,2881.00
2891001357,03/04/2016,0.00,0.00,0.00,0,0.00,0.00,0.00,0.00,0,0,0,1440,1920.00
2891001357,04/04/2016,0.00,0.00,0.00,0,0.00,0.00,0.00,0.00,0,0,0,1440,1920.00
2891001357,05/04/2016,2063.00,1.61,0.00,1.609344006,0.00,0.00,1.61,0.00,0,0,630,99,1144.00
3372868164,01/04/2016,5785.00,3.95,3.95,0,0.00,0.00,3.91,0.04,0,0,311,1129,1852.00
3372868164,02/04/2016,7625.00,5.23,5.23,0,1.68,0.04,3.50,0.01,24,1,341,1074,2069.00
3372868164,03/04/2016,4706.00,3.21,3.21,0,0.00,0.00,3.21,0.00,0,0,299,1141,1816.00
3372868164,04/04/2016,5861.00,4.02,4.02,0,1.30,0.22,2.49,0.01,20,7,233,1180,1878.00
3372868164,05/04/2016,4460.00,3.04,3.04,0,0.00,0.00,3.02,0.03,0,0,248,1192,1787.00
3372868164,06/04/2016,6406.00,4.39,4.39,0,0.78,0.09,3.52,0.01,17,4,325,1094,2010.00
3372868164,07/04/2016,7392.00,5.10,5.10,0,0.87,0.16,4.05,0.02,14,9,332,1085,2038.00
3372868164,08/04/2016,5551.00,3.79,3.79,0,0.00,0.00,3.77,0.01,0,0,282,1158,1815.00
3372868164,09/04/2016,8827.00,6.25,6.25,0,1.77,0.48,4.00,0.01,21,10,346,1063,2062.00
3372868164,10/04/2016,4662.00,3.18,3.18,0,1.04,0.15,1.99,0.00,22,4,152,735,1276.00
3977333714,01/04/2016,4499.00,3.01,3.01,0,0.00,0.00,3.01,0.00,0,0,168,842,1288.00
3977333714,02/04/2016,7618.00,5.10,5.10,0,0.00,0.18,4.91,0.00,0,6,302,842,1490.00
3977333714,03/04/2016,11508.00,7.70,7.70,0,2.17,0.84,4.69,0.00,29,22,282,748,1630.00
3977333714,04/04/2016,11943.00,7.99,7.99,0,1.03,2.01,4.95,0.00,16,43,297,710,1648.00
3977333714,05/04/2016,12303.00,8.23,8.23,0,1.71,1.35,5.17,0.00,26,32,291,605,1649.00
3977333714,06/04/2016,15425.00,10.32,10.32,0,1.62,1.82,6.87,0.00,24,45,331,614,1783.00
3977333714,07/04/2016,8422.00,5.63,5.63,0,0.00,3.60,2.04,0.00,0,81,139,815,1431.00
3977333714,08/04/2016,10226.00,6.84,6.84,0,0.00,4.44,2.40,0.00,0,101,174,685,1524.00
3977333714,09/04/2016,14583.00,9.76,9.76,0,2.48,1.74,5.53,0.00,35,36,254,697,1697.00
3977333714,10/04/2016,3573.00,2.39,2.39,0,0.94,0.41,0.97,0.00,15,8,99,866,1232.00
3977333714,11/04/2016,3108.00,2.14,2.14,0,0.07,0.04,1.96,0.00,1,1,129,894,1223.00
3977333714,12/04/2016,759.00,0.57,0.57,0,0.00,0.00,0.57,0.00,0,0,17,187,182.00
4020332650,12/03/2016,5543.00,3.97,3.97,0,0.00,0.00,3.96,0.01,0,0,254,757,2990.00
4020332650,13/03/2016,3226.00,2.31,2.31,0,0.00,0.00,2.28,0.00,0,0,136,771,2480.00
4020332650,14/03/2016,3023.00,2.17,2.17,0,0.00,0.00,2.14,0.00,0,0,145,1005,2570.00
4020332650,15/03/2016,5906.00,4.23,4.23,0,0.00,0.16,4.04,0.00,0,10,215,874,3016.00
4020332650,16/03/2016,12483.00,8.99,8.99,0,1.45,0.57,6.90,0.00,25,14,309,599,3830.00
4020332650,17/03/2016,8940.00,6.41,6.41,0,0.00,0.00,0.61,0.04,0,0,47,986,3706.00
4020332650,18/03/2016,368.00,0.26,0.26,0,0.00,0.00,0.00,0.00,0,0,0,1440,2024.00
4020332650,19/03/2016,5702.00,4.09,4.09,0,0.00,0.00,0.00,0.00,0,0,0,1440,2980.00
4020332650,20/03/2016,10330.00,7.41,7.41,0,0.00,0.00,0.00,0.00,0,0,0,1440,3728.00
4020332650,21/03/2016,8778.00,6.29,6.29,0,0.00,0.00,0.00,0.00,0,0,0,1440,3348.00
4020332650,22/03/2016,6662.00,4.78,4.78,0,0.00,0.00,0.00,0.00,0,0,0,1440,3162.00
4020332650,23/03/2016,6309.00,4.52,4.52,0,0.00,0.00,0.00,0.00,0,0,0,1440,3140.00
4020332650,24/03/2016,1951.00,1.41,1.41,0,0.00,0.00,0.00,0.00,0,0,0,1440,1980.00
4020332650,25/03/2016,5563.00,3.99,3.99,0,0.00,0.00,0.00,0.00,0,0,0,1440,3681.00
4020332650,26/03/2016,4370.00,3.13,3.13,0,0.00,0.00,0.00,0.00,0,0,0,1440,3444.00
4020332650,27/03/2016,7144.00,5.12,5.12,0,0.00,0.00,0.00,0.00,0,0,0,1440,3510.00
4020332650,28/03/2016,2106.00,1.51,1.51,0,0.02,0.05,0.21,0.00,31,45,75,1289,4010.00
4020332650,29/03/2016,4152.00,2.98,2.98,0,0.00,0.00,2.96,0.00,0,0,187,1253,2976.00
4020332650,30/03/2016,5400.00,3.87,3.87,0,0.00,0.00,3.85,0.00,0,0,258,795,3418.00
4020332650,31/03/2016,7428.00,5.33,5.33,0,0.87,0.92,3.51,0.00,18,33,261,860,3439.00
4020332650,01/04/2016,5351.00,3.84,3.84,0,0.62,0.18,3.01,0.00,15,17,210,748,3338.00
4020332650,02/04/2016,4299.00,3.10,3.10,0,0.09,0.21,2.74,0.04,3,15,162,752,2892.00
4020332650,03/04/2016,6107.00,4.38,4.38,0,0.00,0.00,4.36,0.00,0,0,265,776,3313.00
4020332650,04/04/2016,6429.00,4.60,4.60,0,0.00,0.95,3.65,0.00,0,28,193,741,3118.00
4020332650,05/04/2016,6880.00,4.93,4.93,0,0.50,0.76,3.65,0.00,7,19,165,1249,2966.00
4020332650,06/04/2016,7476.00,5.36,5.36,0,0.00,0.00,5.31,0.00,0,0,263,920,3253.00
4020332650,07/04/2016,6581.00,4.72,4.72,0,0.00,0.29,4.39,0.00,0,8,241,1191,3032.00
4020332650,08/04/2016,10480.00,7.51,7.51,0,0.41,1.47,5.01,0.04,6,37,272,1125,4034.00
4020332650,09/04/2016,7734.00,5.55,5.55,0,1.16,0.49,3.82,0.06,20,12,223,1185,3264.00
4020332650,10/04/2016,5129.00,3.68,3.68,0,0.18,0.24,3.21,0.01,5,7,176,1178,2817.00
4020332650,11/04/2016,2993.00,2.15,2.15,0,0.00,0.00,2.09,0.00,0,0,114,888,2507.00
4020332650,12/04/2016,8.00,0.01,0.01,0,0.00,0.00,0.01,0.00,0,0,1,321,446.00
4057192912,12/03/2016,0.00,0.00,0.00,0,0.00,0.00,0.00,0.00,0,0,0,1440,1777.00
4057192912,13/03/2016,0.00,0.00,0.00,0,0.00,0.00,0.00,0.00,0,0,0,1440,1777.00
4057192912,14/03/2016,8433.00,6.23,6.23,0,2.45,0.33,3.44,0.00,30,7,135,1268,2453.00
4057192912,15/03/2016,0.00,0.00,0.00,0,0.00,0.00,0.00,0.00,0,0,0,1440,1776.00
4057192912,16/03/2016,2139.00,1.56,1.56,0,0.00,1.30,0.26,0.00,0,28,15,1397,1935.00
4057192912,17/03/2016,0.00,0.00,0.00,0,0.00,0.00,0.00,0.00,0,0,0,1440,1776.00
4057192912,18/03/2016,949.00,0.69,0.69,0,0.00,0.00,0.69,0.00,0,0,34,1406,1870.00
4057192912,19/03/2016,0.00,0.00,0.00,0,0.00,0.00,0.00,0.00,0,0,0,1440,1777.00
4057192912,20/03/2016,44.00,0.03,0.03,0,0.00,0.00,0.03,0.00,0,0,2,1438,1782.00
4057192912,21/03/2016,2660.00,1.94,1.94,0,0.00,0.00,1.94,0.00,0,0,46,1394,1978.00
4057192912,22/03/2016,5561.00,4.19,4.19,0,0.00,0.00,4.07,0.00,0,0,169,1271,2296.00
4057192912,23/03/2016,7239.00,5.34,5.34,0,0.55,0.36,4.38,0.00,7,7,190,1236,2484.00
4057192912,24/03/2016,7.00,0.01,0.01,0,0.00,0.00,0.01,0.00,0,0,1,1439,1787.00
4057192912,25/03/2016,0.00,0.00,0.00,0,0.00,0.00,0.00,0.00,0,0,0,1440,1776.00
4057192912,26/03/2016,0.00,0.00,0.00,0,0.00,0.00,0.00,0.00,0,0,0,1440,1776.00
4057192912,27/03/2016,2275.00,1.68,1.68,0,0.00,0.00,1.66,0.00,0,0,86,1354,2005.00
4057192912,28/03/2016,8.00,0.01,0.01,0,0.00,0.00,0.01,0.00,0,0,1,1439,1778.00
4057192912,29/03/2016,5137.00,3.76,3.76,0,0.00,0.00,3.76,0.00,0,0,160,1280,2293.00
4057192912,30/03/2016,5419.00,4.00,4.57,0.055842999,0.00,0.00,3.91,0.06,0,0,145,1295,2259.00
4057192912,31/03/2016,0.00,0.00,0.00,0,0.00,0.00,0.00,0.00,0,0,0,1440,1776.00
4057192912,01/04/2016,0.00,0.00,0.00,0,0.00,0.00,0.00,0.00,0,0,0,1440,1776.00
4057192912,02/04/2016,0.00,0.00,0.00,0,0.00,0.00,0.00,0.00,0,0,0,1440,1776.00
4057192912,03/04/2016,0.00,0.00,0.00,0,0.00,0.00,0.00,0.00,0,0,0,1440,1776.00
4057192912,04/04/2016,0.00,0.00,0.00,0,0.00,0.00,0.00,0.00,0,0,0,1440,1776.00
4057192912,05/04/2016,0.00,0.00,0.00,0,0.00,0.00,0.00,0.00,0,0,0,1440,1776.00
4057192912,06/04/2016,18.00,0.01,0.01,0,0.00,0.00,0.01,0.00,0,0,2,1438,1780.00
4057192912,07/04/2016,4.00,0.00,0.00,0,0.00,0.00,0.00,0.00,0,0,1,1439,1778.00
4057192912,08/04/2016,8426.00,6.16,6.16,0,0.13,5.49,0.54,0.00,2,120,25,1293,2360.00
4057192912,09/04/2016,1650.00,1.21,1.21,0,0.00,0.00,1.21,0.00,0,0,60,1380,1952.00
4057192912,10/04/2016,3434.00,2.51,2.51,0,0.07,0.30,2.14,0.00,1,7,108,1324,2101.00
4057192912,11/04/2016,6801.00,4.98,4.98,0,0.00,0.00,4.97,0.00,0,0,193,1247,2393.00
4057192912,12/04/2016,187.00,0.14,0.14,0,0.00,0.00,0.14,0.00,0,0,11,400,538.00
4319703577,29/03/2016,5643.00,3.79,3.79,0,0.23,0.33,3.23,0.00,3,8,199,683,1958.00
4319703577,30/03/2016,9043.00,6.07,6.07,0,0.25,0.43,5.37,0.00,4,12,244,702,2141.00
4319703577,31/03/2016,8144.00,5.46,5.46,0,0.25,0.61,4.61,0.00,4,17,247,1125,2129.00
4319703577,01/04/2016,9343.00,6.27,6.27,0,0.96,0.85,4.46,0.00,14,20,268,654,2216.00
4319703577,02/04/2016,8405.00,5.66,5.66,0,1.13,0.19,4.34,0.00,15,4,257,621,2154.00
4319703577,03/04/2016,8223.00,5.52,5.52,0,0.80,1.51,3.21,0.00,12,37,257,551,2178.00
4319703577,04/04/2016,10067.00,6.76,6.76,0,0.36,1.42,4.97,0.00,5,39,313,578,2308.00
4319703577,05/04/2016,8359.00,5.63,5.63,0,0.23,0.53,4.87,0.00,3,14,311,638,2201.00
4319703577,06/04/2016,10946.00,7.35,7.35,0,0.54,2.09,4.72,0.00,8,51,308,569,2341.00
4319703577,07/04/2016,9130.00,6.15,6.15,0,0.50,0.38,5.27,0.00,7,11,304,668,2236.00
4319703577,08/04/2016,6544.00,4.41,4.41,0,0.29,0.26,3.86,0.00,4,6,276,1132,2069.00
4319703577,09/04/2016,0.00,0.00,0.00,0,0.00,0.00,0.00,0.00,0,0,0,1440,0.00
4388161847,29/03/2016,0.00,0.00,0.00,0,0.00,0.00,0.00,0.00,0,0,0,1440,1878.00
4388161847,30/03/2016,0.00,0.00,0.00,0,0.00,0.00,0.00,0.00,0,0,0,1440,1878.00
4388161847,31/03/2016,0.00,0.00,0.00,0,0.00,0.00,0.00,0.00,0,0,0,1440,1878.00
4388161847,01/04/2016,0.00,0.00,0.00,0,0.00,0.00,0.00,0.00,0,0,0,1440,1878.00
4388161847,02/04/2016,0.00,0.00,0.00,0,0.00,0.00,0.00,0.00,0,0,0,1440,1878.00
4388161847,03/04/2016,0.00,0.00,0.00,0,0.00,0.00,0.00,0.00,0,0,0,1440,1878.00
4388161847,04/04/2016,0.00,0.00,0.00,0,0.00,0.00,0.00,0.00,0,0,0,1440,1878.00
4388161847,05/04/2016,0.00,0.00,0.00,0,0.00,0.00,0.00,0.00,0,0,0,994,1296.00
4445114986,29/03/2016,2303.00,1.55,1.55,0,0.00,0.00,1.55,0.00,0,0,155,807,2010.00
4445114986,30/03/2016,2600.00,1.74,1.74,0,0.00,0.00,1.74,0.00,0,0,163,1277,2032.00
4445114986,31/03/2016,4804.00,3.22,3.22,0,0.00,0.00,3.22,0.00,0,0,238,786,2227.00
4445114986,01/04/2016,3271.00,2.19,2.19,0,0.00,0.00,2.19,0.00,0,0,205,898,2133.00
4445114986,02/04/2016,5406.00,3.63,3.63,0,0.00,0.00,3.61,0.00,0,0,273,672,2317.00
4445114986,03/04/2016,3146.00,2.11,2.11,0,0.00,0.00,2.11,0.00,0,0,171,1269,2058.00
4445114986,04/04/2016,2422.00,1.63,1.63,0,0.00,0.00,1.63,0.00,0,0,110,1330,1935.00
4445114986,05/04/2016,4239.00,2.84,2.84,0,0.06,0.24,2.53,0.00,1,6,235,702,2217.00
4445114986,06/04/2016,6911.00,4.78,4.78,0,2.32,0.10,2.36,0.00,28,2,215,745,2374.00
4445114986,07/04/2016,6667.00,4.61,4.61,0,2.02,0.05,2.55,0.00,24,1,208,939,2335.00
4445114986,08/04/2016,5543.00,3.72,3.72,0,0.00,0.00,3.72,0.00,0,0,266,941,2303.00
4445114986,09/04/2016,4195.00,2.81,2.81,0,0.00,0.00,2.81,0.00,0,0,239,758,2210.00
4445114986,10/04/2016,6625.00,4.45,4.45,0,0.00,0.00,4.45,0.00,0,0,316,755,2424.00
4445114986,11/04/2016,5986.00,4.13,4.13,0,1.95,0.23,1.95,0.00,23,5,195,789,2297.00
4445114986,12/04/2016,278.00,0.19,0.19,0,0.00,0.00,0.19,0.00,0,0,20,253,745.00
4558609924,01/04/2016,5336.00,3.53,3.53,0,0.00,0.00,3.53,0.00,0,0,258,1182,1902.00
4558609924,02/04/2016,3183.00,2.10,2.10,0,0.00,0.00,2.10,0.00,0,0,173,1180,1680.00
4558609924,03/04/2016,6176.00,4.08,4.08,0,0.07,0.26,3.75,0.00,1,7,269,886,1901.00
4558609924,04/04/2016,8205.00,5.42,5.42,0,0.00,0.00,5.42,0.00,0,0,367,1073,2078.00
4558609924,05/04/2016,6799.00,4.49,4.49,0,1.59,0.86,2.04,0.00,24,14,185,1217,1876.00
4558609924,06/04/2016,5668.00,3.75,3.75,0,0.00,0.00,3.75,0.00,0,0,259,1181,1853.00
4558609924,07/04/2016,7998.00,5.29,5.29,0,0.51,0.25,4.53,0.00,27,12,296,1105,2235.00
4558609924,08/04/2016,4195.00,2.77,2.77,0,0.00,0.00,2.77,0.00,0,0,241,1199,1778.00
4558609924,09/04/2016,5512.00,3.64,3.64,0,0.00,0.00,3.64,0.00,0,0,276,1164,1882.00
4558609924,10/04/2016,6263.00,4.14,4.14,0,0.00,0.00,4.13,0.00,0,0,290,1150,1906.00
4558609924,11/04/2016,8828.00,5.84,5.84,0,0.00,0.00,5.84,0.00,0,0,308,1132,2149.00
4558609924,12/04/2016,1260.00,0.83,0.83,0,0.00,0.00,0.82,0.00,0,0,76,555,722.00
4702921684,29/03/2016,6506.00,5.28,5.28,0,0.33,0.27,4.67,0.00,4,5,241,760,2886.00
4702921684,30/03/2016,7583.00,6.15,6.15,0,0.25,0.55,5.35,0.00,3,13,227,742,2915.00
4702921684,31/03/2016,6963.00,5.65,5.65,0,0.00,0.00,5.65,0.00,0,0,256,759,2895.00
4702921684,01/04/2016,7165.00,5.81,5.81,0,0.00,0.37,5.44,0.00,0,9,248,708,2923.00
4702921684,02/04/2016,10328.00,8.38,8.38,0,0.00,1.46,6.92,0.00,0,32,367,475,3323.00
4702921684,03/04/2016,12116.00,9.83,9.83,0,0.25,2.85,6.72,0.00,3,57,323,471,3357.00
4702921684,04/04/2016,7810.00,6.36,6.36,0,0.48,1.20,4.68,0.00,6,27,216,746,2931.00
4702921684,05/04/2016,6670.00,5.41,5.41,0,1.24,0.80,3.37,0.00,15,16,199,770,2848.00
4702921684,06/04/2016,7605.00,6.18,6.18,0,0.33,0.21,5.63,0.00,4,4,248,708,2943.00
4702921684,07/04/2016,6585.00,5.34,5.34,0,0.00,0.00,5.34,0.00,0,0,210,770,2822.00
4702921684,08/04/2016,8184.00,6.64,6.64,0,0.00,0.62,5.95,0.00,0,15,247,808,2981.00
4702921684,09/04/2016,14002.00,11.36,11.36,0,0.61,2.68,8.06,0.00,8,56,381,407,3597.00
4702921684,10/04/2016,11135.00,9.03,9.03,0,0.08,1.16,7.79,0.00,1,25,331,528,3224.00
4702921684,11/04/2016,6499.00,5.27,5.27,0,0.00,0.00,5.27,0.00,0,0,207,809,2677.00
4702921684,12/04/2016,0.00,0.00,0.00,0,0.00,0.00,0.00,0.00,0,0,0,1440,0.00
5553957443,01/04/2016,12409.00,8.10,8.10,0,2.90,0.63,4.58,0.00,51,12,235,782,2142.00
5553957443,02/04/2016,2937.00,1.92,1.92,0,0.00,0.00,1.91,0.00,0,0,181,356,1615.00
5553957443,03/04/2016,1515.00,0.99,0.99,0,0.00,0.00,0.99,0.00,0,0,93,507,1481.00
5553957443,04/04/2016,8921.00,5.88,5.88,0,2.07,0.44,3.36,0.00,27,8,198,754,1892.00
5553957443,05/04/2016,11306.00,7.38,7.38,0,2.31,0.98,4.09,0.00,40,26,218,772,2086.00
5553957443,06/04/2016,12252.00,8.00,8.00,0,2.41,1.70,3.89,0.00,33,28,229,745,2044.00
5553957443,07/04/2016,15444.00,10.08,10.08,0,3.27,1.73,5.08,0.00,51,39,243,731,2249.00
5553957443,08/04/2016,9938.00,6.49,6.49,0,2.14,1.28,3.08,0.00,38,24,193,767,2019.00
5553957443,09/04/2016,4599.00,3.00,3.00,0,0.00,0.00,3.00,0.00,0,0,176,578,1692.00
5553957443,10/04/2016,5594.00,3.65,3.65,0,0.28,1.48,1.89,0.00,4,25,150,552,1712.00
5553957443,11/04/2016,11906.00,7.77,7.77,0,2.26,1.52,3.99,0.00,32,27,234,688,2065.00
5553957443,12/04/2016,3436.00,2.24,2.24,0,0.50,0.67,1.05,0.00,7,11,50,61,633.00
5577150313,01/04/2016,10461.00,7.87,7.87,0,4.76,0.85,2.25,0.00,99,31,142,721,3625.00
5577150313,02/04/2016,14873.00,11.11,11.11,0,8.19,0.60,2.31,0.00,202,36,153,663,4430.00
5577150313,03/04/2016,9917.00,7.41,7.41,0,1.99,0.97,4.44,0.00,58,27,240,700,3427.00
5577150313,04/04/2016,7401.00,5.56,5.56,0,2.32,0.36,2.88,0.00,70,19,204,689,3492.00
5577150313,05/04/2016,8964.00,6.70,6.70,0,3.97,0.19,2.53,0.00,107,18,145,756,3597.00
5577150313,06/04/2016,11080.00,8.30,8.30,0,3.13,1.37,3.81,0.00,83,52,190,695,3765.00
5577150313,07/04/2016,4499.00,3.36,3.36,0,0.89,0.26,2.21,0.00,31,11,146,756,2775.00
5577150313,08/04/2016,4363.00,3.26,3.26,0,0.13,0.06,3.08,0.00,8,2,156,813,2486.00
5577150313,09/04/2016,10494.00,7.84,7.84,0,4.91,0.78,2.15,0.00,123,62,138,601,3817.00
5577150313,10/04/2016,9776.00,7.38,7.38,0,2.93,1.43,3.02,0.00,80,35,162,721,3378.00
5577150313,11/04/2016,2862.00,2.14,2.14,0,1.04,0.25,0.84,0.00,39,17,54,209,1511.00
6117666160,01/04/2016,7444.00,5.62,5.62,0,0.00,0.00,5.62,0.00,0,0,286,568,2210.00
6117666160,02/04/2016,19658.00,14.84,14.84,0,0.24,2.09,12.51,0.00,3,30,475,466,2884.00
6117666160,03/04/2016,0.00,0.00,0.00,0,0.00,0.00,0.00,0.00,0,0,0,1440,1496.00
6117666160,04/04/2016,8468.00,6.39,6.39,0,0.18,0.64,5.57,0.00,2,11,279,1148,2262.00
6117666160,05/04/2016,9910.00,7.48,7.48,0,0.00,0.00,7.48,0.00,0,0,384,990,2445.00
6117666160,06/04/2016,12409.00,9.37,9.37,0,0.00,0.00,9.37,0.00,0,0,491,388,2694.00
6117666160,07/04/2016,4853.00,3.66,3.66,0,0.00,0.00,3.66,0.00,0,0,156,770,1903.00
6117666160,08/04/2016,8955.00,6.76,6.76,0,0.00,0.00,6.73,0.00,0,0,422,1018,2482.00
6117666160,09/04/2016,10789.00,8.15,8.15,0,0.00,0.00,8.15,0.00,0,0,506,413,2617.00
6117666160,10/04/2016,0.00,0.00,0.00,0,0.00,0.00,0.00,0.00,0,0,0,1440,0.00
6290855005,01/04/2016,6633.00,5.01,5.01,0,0.00,0.00,5.01,0.00,0,0,280,1160,2778.00
6290855005,02/04/2016,9548.00,7.22,7.22,0,2.02,3.68,1.52,0.00,25,107,113,1195,3119.00
6290855005,03/04/2016,0.00,0.00,0.00,0,0.00,0.00,0.00,0.00,33,0,0,1407,2664.00
6290855005,04/04/2016,0.00,0.00,0.00,0,0.00,0.00,0.00,0.00,0,0,0,1440,2060.00
6290855005,05/04/2016,0.00,0.00,0.00,0,0.00,0.00,0.00,0.00,0,0,0,1440,2060.00
6290855005,06/04/2016,0.00,0.00,0.00,0,0.00,0.00,0.00,0.00,0,0,0,1440,2060.00
6290855005,07/04/2016,0.00,0.00,0.00,0,0.00,0.00,0.00,0.00,0,0,0,1440,2060.00
6290855005,08/04/2016,0.00,0.00,0.00,0,0.00,0.00,0.00,0.00,0,0,0,1440,2060.00
6290855005,09/04/2016,0.00,0.00,0.00,0,0.00,0.00,0.00,0.00,0,0,0,1440,2060.00
6290855005,10/04/2016,0.00,0.00,0.00,0,0.00,0.00,0.00,0.00,20,0,0,494,735.00
6391747486,01/04/2016,0.00,0.00,0.00,0,0.00,0.00,0.00,0.00,0,0,0,1440,1820.00
6391747486,02/04/2016,2101.00,2.03,0.00,2.027772903,2.03,0.00,0.00,0.00,46,0,0,1394,2224.00
6391747486,03/04/2016,0.00,0.00,0.00,0,0.00,0.00,0.00,0.00,0,0,0,1440,1820.00
6391747486,04/04/2016,0.00,0.00,0.00,0,0.00,0.00,0.00,0.00,0,0,0,1440,1820.00
6391747486,05/04/2016,9766.00,7.51,0.78,6.72705698,0.00,0.05,7.46,0.00,0,6,301,1133,2442.00
6391747486,06/04/2016,165.00,0.13,0.13,0,0.00,0.00,0.13,0.00,0,0,8,1432,1849.00
6391747486,07/04/2016,0.00,0.00,0.00,0,0.00,0.00,0.00,0.00,0,0,0,1440,1822.00
6391747486,08/04/2016,0.00,0.00,0.00,0,0.00,0.00,0.00,0.00,0,0,0,1440,1820.00
6391747486,09/04/2016,0.00,0.00,0.00,0,0.00,0.00,0.00,0.00,0,0,0,198,251.00
6775888955,01/04/2016,7225.00,5.18,5.18,0,1.73,1.27,2.18,0.00,25,50,163,1189,3065.00
6775888955,02/04/2016,1988.00,1.43,1.43,0,0.00,0.00,1.43,0.00,0,0,79,909,2207.00
6775888955,03/04/2016,1577.00,1.13,1.13,0,0.07,0.89,0.17,0.00,1,17,8,1414,1977.00
6775888955,04/04/2016,0.00,0.00,0.00,0,0.00,0.00,0.00,0.00,0,0,0,1440,1841.00
6775888955,05/04/2016,9348.00,6.70,6.70,0,1.13,2.04,3.14,0.00,56,133,240,1011,4286.00
6775888955,06/04/2016,11761.00,8.43,8.43,0,1.31,2.44,4.68,0.00,24,99,300,550,3920.00
6775888955,07/04/2016,13987.00,10.03,10.03,0,2.87,3.34,3.82,0.00,46,114,250,739,3856.00
6775888955,08/04/2016,4131.00,2.96,2.96,0,1.37,0.61,0.98,0.00,27,30,75,1308,2584.00
6775888955,09/04/2016,14.00,0.01,0.01,0,0.00,0.00,0.01,0.00,0,0,1,601,787.00
6962181067,30/03/2016,15491.00,10.24,10.24,0,1.29,4.49,4.46,0.00,18,77,272,641,2244.00
6962181067,31/03/2016,14097.00,9.32,9.32,0,3.50,1.92,3.90,0.00,50,32,234,595,2188.00
6962181067,01/04/2016,10467.00,6.98,6.98,0,0.70,2.43,3.85,0.00,9,45,252,602,2014.00
6962181067,02/04/2016,12437.00,8.30,8.30,0,3.76,1.29,3.24,0.00,50,24,219,732,2115.00
6962181067,03/04/2016,12307.00,8.14,8.14,0,1.01,3.26,3.87,0.00,14,51,218,589,2055.00
6962181067,04/04/2016,18952.00,12.80,12.80,0,5.91,1.23,5.66,0.00,73,20,327,570,2437.00
6962181067,05/04/2016,12010.00,7.94,7.94,0,2.38,0.95,4.61,0.00,38,17,287,692,2158.00
6962181067,06/04/2016,12480.00,8.86,8.25,3.97279501,4.18,0.69,4.00,0.00,55,14,276,593,2170.00
6962181067,07/04/2016,13417.00,9.65,8.87,1.926301956,3.39,1.25,4.91,0.10,45,16,284,665,2244.00
6962181067,08/04/2016,14400.00,10.88,9.52,5.45686388,2.47,2.88,5.53,0.00,27,37,276,697,2188.00
6962181067,09/04/2016,12495.00,8.26,8.26,0,2.21,1.09,4.96,0.00,33,19,324,609,2231.00
6962181067,10/04/2016,10148.00,6.71,6.71,0,1.36,0.22,5.13,0.00,19,7,306,679,2100.00
6962181067,11/04/2016,12362.00,9.09,8.17,2.696455002,1.09,2.73,5.27,0.00,21,38,297,678,2188.00
6962181067,12/04/2016,5893.00,3.90,3.90,0,2.88,0.56,0.46,0.00,43,9,48,146,917.00
7007744171,01/04/2016,11680.00,9.06,7.81,4.901282787,4.49,0.33,4.24,0.00,50,7,244,1139,2573.00
7007744171,02/04/2016,10976.00,7.34,7.34,0,0.55,0.67,6.13,0.00,9,16,271,1075,2575.00
7007744171,03/04/2016,16806.00,11.24,11.24,0,6.41,1.37,3.47,0.00,104,31,230,1002,3086.00
7007744171,04/04/2016,15266.00,11.40,10.21,5.189849854,5.80,0.76,4.79,0.05,70,21,292,1057,2886.00
7007744171,05/04/2016,12084.00,9.14,8.08,4.836380005,4.39,0.46,4.29,0.00,50,6,284,1030,2676.00
7007744171,06/04/2016,13513.00,10.25,9.07,4.835720062,5.35,0.33,4.56,0.00,64,8,270,1098,2811.00
7007744171,07/04/2016,14100.00,10.58,9.43,4.875989914,5.10,1.19,4.28,0.00,61,33,265,1015,2840.00
7007744171,08/04/2016,12627.00,9.65,8.45,4.842319965,4.70,0.74,4.21,0.00,54,22,301,1063,2871.00
7007744171,09/04/2016,10345.00,6.92,6.92,0,0.07,0.27,6.58,0.00,2,6,358,1074,2613.00
7007744171,10/04/2016,10146.00,6.79,6.79,0,0.07,0.61,6.11,0.00,1,12,397,1030,2700.00
7007744171,11/04/2016,12168.00,8.14,8.14,0,1.05,0.79,6.29,0.00,18,27,375,1020,2871.00
7007744171,12/04/2016,7413.00,5.77,4.96,4.869782925,4.50,0.34,0.94,0.00,53,6,43,405,1023.00
7086361926,01/04/2016,11463.00,7.67,7.67,0,2.83,1.89,2.93,0.00,38,30,154,777,2496.00
7086361926,02/04/2016,87.00,0.02,0.02,0,0.00,0.00,0.01,0.00,0,0,2,872,1641.00
7086361926,03/04/2016,1949.00,1.31,1.31,0,0.23,0.35,0.73,0.00,3,6,27,1404,1794.00
7086361926,04/04/2016,6101.00,3.87,3.87,0,0.53,0.23,3.10,0.00,31,24,138,1247,2421.00
7086361926,05/04/2016,7478.00,4.99,4.99,0,1.80,0.53,2.61,0.03,25,33,132,1159,2439.00
7086361926,06/04/2016,7352.00,4.73,4.73,0,1.41,0.78,2.53,0.00,19,14,124,814,2233.00
7086361926,07/04/2016,14604.00,10.82,10.82,0,7.23,1.12,2.43,0.03,76,30,127,695,2862.00
7086361926,08/04/2016,9634.00,6.52,6.52,0,2.50,1.40,2.59,0.00,50,48,140,797,2752.00
7086361926,09/04/2016,7338.00,4.67,4.67,0,1.08,0.13,3.46,0.00,27,5,204,717,2519.00
7086361926,10/04/2016,569.00,0.35,0.35,0,0.00,0.00,0.34,0.00,0,0,27,1368,1799.00
7086361926,11/04/2016,6242.00,3.92,3.92,0,0.74,0.23,2.93,0.00,46,22,126,741,2543.00
7086361926,12/04/2016,430.00,0.26,0.26,0,0.00,0.00,0.26,0.00,0,0,14,75,625.00
8053475328,02/04/2016,20188.00,15.62,15.62,0,12.06,0.85,2.71,0.00,124,19,172,1125,3377.00
8053475328,03/04/2016,25701.00,20.14,20.14,0,16.82,1.63,1.69,0.00,165,36,97,1142,3697.00
8053475328,04/04/2016,17395.00,13.21,13.21,0,9.67,0.18,3.35,0.00,100,4,213,1123,3209.00
8053475328,05/04/2016,17167.00,13.41,13.41,0,9.96,0.31,3.14,0.00,98,8,184,1150,3167.00
8053475328,06/04/2016,16435.00,12.42,12.42,0,8.96,0.55,2.91,0.00,100,14,191,1135,3122.00
8053475328,07/04/2016,17078.00,13.20,13.20,0,9.97,0.24,2.99,0.00,101,6,190,1143,3176.00
8053475328,08/04/2016,11693.00,9.54,9.54,0,6.77,0.26,2.50,0.00,60,6,153,1221,2790.00
8053475328,09/04/2016,11159.00,9.14,9.14,0,6.69,0.25,2.19,0.00,59,6,120,1255,2715.00
8053475328,10/04/2016,10118.00,7.73,7.73,0,3.05,0.80,3.88,0.00,30,18,207,1185,2684.00
8053475328,11/04/2016,16064.00,12.72,12.72,0,9.98,0.36,2.38,0.00,96,8,155,1181,3097.00
8053475328,12/04/2016,290.00,0.21,0.21,0,0.00,0.00,0.21,0.00,0,0,16,599,791.00
8253242879,01/04/2016,0.00,0.00,0.00,0,0.00,0.00,0.00,0.00,0,0,0,1440,1429.00
8253242879,02/04/2016,0.00,0.00,0.00,0,0.00,0.00,0.00,0.00,0,0,0,1440,1429.00
8253242879,03/04/2016,0.00,0.00,0.00,0,0.00,0.00,0.00,0.00,0,0,0,1440,1429.00
8253242879,04/04/2016,0.00,0.00,0.00,0,0.00,0.00,0.00,0.00,0,0,0,1440,1429.00
8253242879,05/04/2016,0.00,0.00,0.00,0,0.00,0.00,0.00,0.00,0,0,0,1440,1429.00
8253242879,06/04/2016,1931.00,1.28,1.28,0,0.00,0.00,1.28,0.00,0,0,94,1346,1607.00
8253242879,07/04/2016,5181.00,3.42,3.42,0,1.00,0.91,1.51,0.01,15,15,107,1303,1776.00
8253242879,08/04/2016,12026.00,9.15,9.15,0,5.70,0.93,2.51,0.00,47,13,150,1230,2162.00
8253242879,09/04/2016,5360.00,3.54,3.54,0,0.54,1.55,1.46,0.00,8,28,148,1256,1832.00
8253242879,10/04/2016,2545.00,1.68,1.68,0,0.00,0.00,1.67,0.02,0,0,126,1314,1657.00
8253242879,11/04/2016,1636.00,1.08,1.08,0,0.00,0.00,1.08,0.00,0,0,86,1139,1377.00
8253242879,12/04/2016,0.00,0.00,0.00,0,0.00,0.00,0.00,0.00,0,0,0,1440,0.00
8378563200,01/04/2016,14179.00,11.24,11.24,0,6.23,1.06,3.96,0.00,73,21,195,719,3669.00
8378563200,02/04/2016,3358.00,2.66,2.66,0,0.00,0.00,2.66,0.00,0,0,144,657,2702.00
8378563200,03/04/2016,9152.00,7.26,7.26,0,1.99,0.82,4.45,0.00,25,13,243,600,3304.00
8378563200,04/04/2016,13935.00,11.05,11.05,2.092147112,4.09,0.79,6.17,0.00,105,16,220,658,4234.00
8378563200,05/04/2016,12846.00,10.19,10.19,2.253081083,5.00,0.75,4.44,0.00,113,15,189,686,4128.00
8378563200,06/04/2016,9124.00,7.24,7.24,2.092147112,0.00,0.25,6.99,0.00,55,6,230,728,3798.00
8378563200,07/04/2016,9725.00,7.71,7.71,2.253081083,2.41,0.53,4.77,0.00,83,11,181,670,3839.00
8378563200,08/04/2016,8350.00,6.62,6.62,2.092147112,1.49,0.53,4.61,0.00,72,10,167,868,3713.00
8378563200,09/04/2016,2240.00,1.78,1.78,0,0.00,0.00,1.78,0.00,0,0,110,843,2606.00
8378563200,10/04/2016,2631.00,2.09,2.09,0,0.00,0.00,2.09,0.00,0,0,117,727,2624.00
8378563200,11/04/2016,8837.00,7.01,7.01,2.092147112,1.54,0.88,4.59,0.00,74,17,182,811,3775.00
8378563200,12/04/2016,3246.00,2.57,2.57,2.253081083,0.83,0.71,1.03,0.00,65,15,49,243,1882.00
8583815059,01/04/2016,2174.00,1.70,1.70,0,0.00,0.00,1.70,0.00,0,0,112,1328,2360.00
8583815059,02/04/2016,3494.00,2.73,2.73,0,0.00,0.00,2.69,0.00,0,0,166,1274,2517.00
8583815059,03/04/2016,2380.00,1.86,1.86,0,0.00,0.00,1.86,0.00,0,0,131,1309,2400.00
8583815059,04/04/2016,3159.00,2.46,2.46,0,0.00,0.00,2.46,0.00,0,0,147,1293,2462.00
8583815059,05/04/2016,6835.00,5.33,5.33,0,0.37,0.73,4.24,0.00,5,15,212,1208,2786.00
8583815059,06/04/2016,2098.00,1.64,1.64,0,0.00,0.00,1.63,0.00,0,0,112,1328,2354.00
8583815059,07/04/2016,2816.00,2.20,2.20,0,0.00,0.00,2.20,0.00,0,0,138,1302,2437.00
8583815059,08/04/2016,1408.00,1.10,1.10,0,0.00,0.00,1.10,0.00,0,0,79,1052,1814.00
8792009665,01/04/2016,4592.00,2.94,2.94,0,0.10,0.14,2.70,0.00,4,8,176,748,2260.00
8792009665,02/04/2016,8452.00,5.41,5.41,0,0.26,0.39,4.76,0.00,9,24,328,1079,3004.00
8792009665,03/04/2016,7238.00,4.63,4.63,0,0.11,0.23,4.29,0.00,2,6,279,636,2667.00
8792009665,04/04/2016,3821.00,2.45,2.45,0,0.00,0.22,2.23,0.00,0,9,161,675,2229.00
8792009665,05/04/2016,2332.00,1.49,1.49,0,0.01,0.18,1.30,0.00,1,10,111,904,2100.00
8792009665,06/04/2016,2121.00,1.36,1.36,0,0.00,0.00,1.36,0.00,0,0,122,855,2114.00
8792009665,07/04/2016,1291.00,0.83,0.83,0,0.00,0.00,0.83,0.00,0,0,77,888,1961.00
8792009665,08/04/2016,1467.00,0.94,0.94,0,0.10,0.21,0.63,0.00,2,8,71,912,1953.00
8792009665,09/04/2016,1022.00,0.65,0.65,0,0.00,0.00,0.65,0.00,0,0,63,739,1890.00
8792009665,10/04/2016,4605.00,2.95,2.95,0,0.00,0.00,2.95,0.00,0,0,179,1261,2253.00
8792009665,11/04/2016,178.00,0.11,0.11,0,0.00,0.00,0.11,0.00,0,0,12,1428,1725.00
8792009665,12/04/2016,20.00,0.01,0.01,0,0.00,0.00,0.01,0.00,0,0,6,598,728.00
8877689391,01/04/2016,18700.00,15.82,15.82,0,8.70,0.16,6.91,0.00,67,3,247,1123,3527.00
8877689391,02/04/2016,27572.00,23.39,23.39,0,14.72,1.21,7.34,0.01,116,24,260,1040,4220.00
8877689391,03/04/2016,15260.00,8.19,8.19,0,1.80,0.75,5.57,0.00,106,17,259,1058,3864.00
8877689391,04/04/2016,20779.00,18.41,18.41,0,11.73,0.65,6.00,0.00,78,16,208,1138,3662.00
8877689391,05/04/2016,10695.00,8.12,8.12,0,0.77,0.18,7.09,0.01,10,3,246,1181,2834.00
8877689391,06/04/2016,24136.00,20.91,20.91,0,12.22,0.54,8.08,0.00,87,16,318,1019,4039.00
8877689391,07/04/2016,10910.00,8.42,8.42,0,2.96,0.39,5.03,0.00,32,11,212,1185,2947.00
8877689391,08/04/2016,23014.00,20.39,20.39,0,11.10,0.63,8.62,0.00,70,29,359,982,4196.00
8877689391,09/04/2016,16470.00,8.07,8.07,0,0.00,0.02,8.02,0.00,90,9,289,1052,3841.00
8877689391,10/04/2016,28497.00,27.53,27.53,0,21.92,1.12,4.46,0.00,128,46,211,1055,4526.00
8877689391,11/04/2016,10622.00,8.06,8.06,0,1.47,0.15,6.37,0.01,18,7,225,1190,2820.00
8877689391,12/04/2016,2350.00,1.78,1.78,0,0.00,0.00,1.78,0.00,0,0,58,531,938.00
